-- Slack Tide dashboard data migration from qrstkr Supabase
-- Generated: 2026-03-19T19:11:07.290Z
-- Run this in the slack-tide Supabase SQL editor

-- Projects (2 rows)
INSERT INTO projects (id, name, slug, description, color, status, parent_project_id, created_at, updated_at) VALUES
  ('a0000000-0000-0000-0000-000000000001', 'QRSTKR — Project Spec', 'qrstkr', 'QR code asset tracking platform', '#22d3ee', 'active', NULL, '2026-02-27T14:04:20+00:00', '2026-03-19T18:26:46.169089+00:00'),
  ('13f53d2f-c9d9-44f9-b729-ac8de661d172', 'Slack Tide', 'slack-tide', NULL, '#22d3ee', 'active', NULL, '2026-03-19T18:11:34.28977+00:00', '2026-03-19T18:14:02.095032+00:00')
ON CONFLICT (id) DO NOTHING;

-- Milestones (17 rows)
INSERT INTO milestones (id, project_id, name, description, sort_order, target_date, status, created_at, updated_at) VALUES
  ('b0000000-0000-0000-0000-000000000001', 'a0000000-0000-0000-0000-000000000001', 'Core Platform', 'Foundational QR scan, item registration, and user auth', 1, NULL, 'completed', '2026-03-17T19:31:34.374302+00:00', '2026-03-17T19:31:34.374302+00:00'),
  ('b0000000-0000-0000-0000-000000000002', 'a0000000-0000-0000-0000-000000000001', 'Intern Task Portal', 'Sequential task system with submission, review, and anti-cheat', 2, NULL, 'completed', '2026-03-17T19:31:34.374302+00:00', '2026-03-17T19:31:34.374302+00:00'),
  ('b0000000-0000-0000-0000-000000000003', 'a0000000-0000-0000-0000-000000000001', 'Fiber Laser Integration', 'Batch QR minting, LightBurn export, and laser operator workflow', 3, NULL, 'in_progress', '2026-03-17T19:31:34.374302+00:00', '2026-03-17T19:31:34.374302+00:00'),
  ('b0000000-0000-0000-0000-000000000004', 'a0000000-0000-0000-0000-000000000001', 'Marketing Site & Public Presence', 'Landing page, explainer content, and demo mode', 4, NULL, 'planned', '2026-03-17T19:31:34.374302+00:00', '2026-03-17T19:31:34.374302+00:00'),
  ('b0000000-0000-0000-0000-000000000005', 'a0000000-0000-0000-0000-000000000001', 'Project Dashboard', 'Visual project tracker — yes, this milestone is itself scope creep', 5, NULL, 'in_progress', '2026-03-17T19:31:34.374302+00:00', '2026-03-17T19:31:34.374302+00:00'),
  ('d1ad17d5-f829-4df2-a86a-46d97b2e7b39', 'a0000000-0000-0000-0000-000000000001', 'iOS App', NULL, 6, NULL, 'planned', '2026-03-18T22:06:23.971526+00:00', '2026-03-18T22:06:23.971526+00:00'),
  ('31b6e611-5cbe-4c17-bb55-d90aad90ffed', 'a0000000-0000-0000-0000-000000000001', 'Android App', NULL, 7, NULL, 'planned', '2026-03-18T22:06:23.971526+00:00', '2026-03-18T22:06:23.971526+00:00'),
  ('559eb6e0-bc62-4d47-a00c-138e7fa32bc5', '13f53d2f-c9d9-44f9-b729-ac8de661d172', 'M1 - Foundation', NULL, 0, NULL, 'completed', '2026-03-19T18:12:25.047507+00:00', '2026-03-19T18:14:02.515982+00:00'),
  ('82ef0f8c-48eb-4515-9ce3-6eb51d0da590', '13f53d2f-c9d9-44f9-b729-ac8de661d172', 'M2 - Project Tracking', NULL, 0, NULL, 'in_progress', '2026-03-19T18:12:25.527402+00:00', '2026-03-19T18:14:02.749573+00:00'),
  ('e3ebb752-a1ec-46c4-9bfc-fc1f135e52e9', 'a0000000-0000-0000-0000-000000000001', 'Foundation & Planning', NULL, 0, NULL, 'completed', '2026-03-19T18:23:29.507991+00:00', '2026-03-19T18:26:46.683786+00:00'),
  ('aaea6a20-0322-42df-b618-1d18f10d9809', 'a0000000-0000-0000-0000-000000000001', 'QR Code Generation', NULL, 0, NULL, 'in_progress', '2026-03-19T18:23:29.81325+00:00', '2026-03-19T18:26:47.044406+00:00'),
  ('ab8681b6-f8be-4064-bc39-c427c870d760', 'a0000000-0000-0000-0000-000000000001', 'Phase 1 - Core Loop', NULL, 0, NULL, 'completed', '2026-03-19T18:23:30.039536+00:00', '2026-03-19T18:26:47.260536+00:00'),
  ('390774cb-3d8a-4c8f-9bc3-223c947d198c', 'a0000000-0000-0000-0000-000000000001', 'Phase 2 - Shop System', NULL, 0, NULL, 'completed', '2026-03-19T18:23:30.336684+00:00', '2026-03-19T18:26:47.593368+00:00'),
  ('62b556eb-5468-4ab0-8437-01f47c8be28d', 'a0000000-0000-0000-0000-000000000001', 'Phase 2 - Maintenance & AI', NULL, 0, NULL, 'in_progress', '2026-03-19T18:23:30.574834+00:00', '2026-03-19T18:26:47.971026+00:00'),
  ('a0ae543e-bbe9-4d0b-8f98-416f57422b30', 'a0000000-0000-0000-0000-000000000001', 'Phase 3 - Ownership & Marketplace', NULL, 0, NULL, 'planned', '2026-03-19T18:23:30.85805+00:00', '2026-03-19T18:26:48.197481+00:00'),
  ('defaba78-3394-49c7-8250-feb05ab5bf0e', 'a0000000-0000-0000-0000-000000000001', 'Phase 4 - Scale & Monetize', NULL, 0, NULL, 'planned', '2026-03-19T18:23:31.068247+00:00', '2026-03-19T18:26:48.495027+00:00'),
  ('59fce956-6933-49b1-812e-74dd23087d29', 'a0000000-0000-0000-0000-000000000001', 'Cybersecurity', NULL, 0, NULL, 'in_progress', '2026-03-19T18:23:31.387747+00:00', '2026-03-19T18:26:48.72159+00:00')
ON CONFLICT (id) DO NOTHING;

-- Features (112 rows)
INSERT INTO features (id, milestone_id, project_id, name, description, status, priority, sort_order, is_scope_creep, created_at, updated_at) VALUES
  ('fbfd4914-cc13-4494-82e2-7856e7d6b870', 'b0000000-0000-0000-0000-000000000001', 'a0000000-0000-0000-0000-000000000001', 'Item registration/claim flow', NULL, 'shipped', 'high', 2, FALSE, '2026-03-17T19:31:34.374302+00:00', '2026-03-17T19:31:34.374302+00:00'),
  ('9f56c230-1855-4b16-9e30-c7b8b09e43a7', 'b0000000-0000-0000-0000-000000000001', 'a0000000-0000-0000-0000-000000000001', 'User auth via Supabase', NULL, 'shipped', 'critical', 3, FALSE, '2026-03-17T19:31:34.374302+00:00', '2026-03-17T19:31:34.374302+00:00'),
  ('3ed0ea70-c4c5-4f7d-b6b8-5c38381466f3', 'b0000000-0000-0000-0000-000000000001', 'a0000000-0000-0000-0000-000000000001', 'Item detail page (public view)', NULL, 'shipped', 'high', 4, FALSE, '2026-03-17T19:31:34.374302+00:00', '2026-03-17T19:31:34.374302+00:00'),
  ('08649b78-7f06-46f6-87ea-94f7c5e6c56c', 'b0000000-0000-0000-0000-000000000001', 'a0000000-0000-0000-0000-000000000001', 'Item edit page (owner only)', NULL, 'shipped', 'high', 5, FALSE, '2026-03-17T19:31:34.374302+00:00', '2026-03-17T19:31:34.374302+00:00'),
  ('df2e7cc4-a51a-411e-aa54-a8d967b75884', 'b0000000-0000-0000-0000-000000000001', 'a0000000-0000-0000-0000-000000000001', 'Short code generation (no ambiguous chars)', NULL, 'shipped', 'medium', 6, FALSE, '2026-03-17T19:31:34.374302+00:00', '2026-03-17T19:31:34.374302+00:00'),
  ('ebea61d8-e04f-47ae-a68d-abbba8e0921f', 'b0000000-0000-0000-0000-000000000002', 'a0000000-0000-0000-0000-000000000001', 'Task display with sequential unlock', NULL, 'shipped', 'high', 1, FALSE, '2026-03-17T19:31:34.374302+00:00', '2026-03-17T19:31:34.374302+00:00'),
  ('086b3b5e-835a-4e8a-87e6-4f16415399f6', 'b0000000-0000-0000-0000-000000000001', 'a0000000-0000-0000-0000-000000000001', 'QR scan → item page routing', NULL, 'shipped', 'high', 1, FALSE, '2026-03-17T19:31:34.374302+00:00', '2026-03-17T19:31:34.374302+00:00'),
  ('0ddb78a6-0045-4266-bb2d-ba4d4fec4b2d', 'b0000000-0000-0000-0000-000000000002', 'a0000000-0000-0000-0000-000000000001', 'File upload + submission flow', NULL, 'shipped', 'high', 2, FALSE, '2026-03-17T19:31:34.374302+00:00', '2026-03-17T19:31:34.374302+00:00'),
  ('ee47282b-24fb-41d0-95c4-3783a54565ff', 'b0000000-0000-0000-0000-000000000002', 'a0000000-0000-0000-0000-000000000001', 'Admin review/approve/reject UI', NULL, 'shipped', 'high', 3, FALSE, '2026-03-17T19:31:34.374302+00:00', '2026-03-17T19:31:34.374302+00:00'),
  ('adc53e66-f1a6-485c-b8e0-0938a8b6080c', 'b0000000-0000-0000-0000-000000000002', 'a0000000-0000-0000-0000-000000000001', 'Pushover notifications on submission', NULL, 'shipped', 'medium', 4, FALSE, '2026-03-17T19:31:34.374302+00:00', '2026-03-17T19:31:34.374302+00:00'),
  ('2ebf1655-e53f-4d62-a71f-5f74dd8b214a', 'b0000000-0000-0000-0000-000000000002', 'a0000000-0000-0000-0000-000000000001', 'Anti-cheat skills assessment quiz', NULL, 'shipped', 'medium', 5, TRUE, '2026-03-17T19:31:34.374302+00:00', '2026-03-17T19:31:34.374302+00:00'),
  ('8f135d90-7cfc-4ea2-8aa8-eaac3bff3462', 'b0000000-0000-0000-0000-000000000002', 'a0000000-0000-0000-0000-000000000001', 'Revision workflow with admin notes', NULL, 'shipped', 'medium', 6, FALSE, '2026-03-17T19:31:34.374302+00:00', '2026-03-17T19:31:34.374302+00:00'),
  ('3b6749bc-8d67-4310-a463-9d719b44c6d4', 'b0000000-0000-0000-0000-000000000002', 'a0000000-0000-0000-0000-000000000001', 'Task templates for future interns', NULL, 'shipped', 'low', 7, TRUE, '2026-03-17T19:31:34.374302+00:00', '2026-03-17T19:31:34.374302+00:00'),
  ('db31f7c6-5731-4230-b4ed-287f70c5d109', 'b0000000-0000-0000-0000-000000000003', 'a0000000-0000-0000-0000-000000000001', 'Batch QR code minting', NULL, 'planned', 'critical', 1, FALSE, '2026-03-17T19:31:34.374302+00:00', '2026-03-17T19:31:34.374302+00:00'),
  ('f79659b2-b173-4b9c-bed5-430dff334133', 'b0000000-0000-0000-0000-000000000003', 'a0000000-0000-0000-0000-000000000001', 'CSV export for LightBurn', NULL, 'planned', 'high', 2, FALSE, '2026-03-17T19:31:34.374302+00:00', '2026-03-17T19:31:34.374302+00:00'),
  ('40c37488-d013-46fa-854c-7c6a8b87bab3', 'b0000000-0000-0000-0000-000000000003', 'a0000000-0000-0000-0000-000000000001', 'Batch status tracking (generated → sent → marked → verified)', NULL, 'planned', 'high', 3, FALSE, '2026-03-17T19:31:34.374302+00:00', '2026-03-17T19:31:34.374302+00:00'),
  ('059d2476-c76c-4963-bbc1-b34c74b4e8d3', 'b0000000-0000-0000-0000-000000000003', 'a0000000-0000-0000-0000-000000000001', 'Post-marking QR verification endpoint', NULL, 'planned', 'high', 4, FALSE, '2026-03-17T19:31:34.374302+00:00', '2026-03-17T19:31:34.374302+00:00'),
  ('6fad9d1f-ec72-4736-a999-0b6d67e5fbec', 'b0000000-0000-0000-0000-000000000003', 'a0000000-0000-0000-0000-000000000001', 'Laser operator queue UI', NULL, 'planned', 'medium', 5, FALSE, '2026-03-17T19:31:34.374302+00:00', '2026-03-17T19:31:34.374302+00:00'),
  ('620b5d77-4030-4266-b603-b662a3f1e541', 'b0000000-0000-0000-0000-000000000003', 'a0000000-0000-0000-0000-000000000001', 'Duplicate prevention system', NULL, 'planned', 'medium', 6, FALSE, '2026-03-17T19:31:34.374302+00:00', '2026-03-17T19:31:34.374302+00:00'),
  ('63472dbd-a1d3-43c1-b489-e72aae166517', 'b0000000-0000-0000-0000-000000000004', 'a0000000-0000-0000-0000-000000000001', 'Landing page redesign', NULL, 'planned', 'high', 1, FALSE, '2026-03-17T19:31:34.374302+00:00', '2026-03-17T19:31:34.374302+00:00'),
  ('1a137ce4-e1cb-49a2-8ca5-84d1baab528e', 'b0000000-0000-0000-0000-000000000004', 'a0000000-0000-0000-0000-000000000001', 'How-it-works explainer section', NULL, 'planned', 'medium', 2, FALSE, '2026-03-17T19:31:34.374302+00:00', '2026-03-17T19:31:34.374302+00:00'),
  ('cfde6527-2df1-4a4c-b7a0-8332c0f5b0d2', 'b0000000-0000-0000-0000-000000000004', 'a0000000-0000-0000-0000-000000000001', 'Demo/sandbox mode', NULL, 'planned', 'medium', 3, FALSE, '2026-03-17T19:31:34.374302+00:00', '2026-03-17T19:31:34.374302+00:00'),
  ('7e5e4a8f-2a8f-4b18-8d62-30393aeca7a7', 'b0000000-0000-0000-0000-000000000005', 'a0000000-0000-0000-0000-000000000001', 'Supabase schema + migration', NULL, 'in_progress', 'critical', 1, TRUE, '2026-03-17T19:31:34.374302+00:00', '2026-03-17T19:31:34.374302+00:00'),
  ('5f9d2be3-027f-4462-ba4f-38305c50e58c', 'b0000000-0000-0000-0000-000000000005', 'a0000000-0000-0000-0000-000000000001', 'Dashboard overview page', NULL, 'planned', 'high', 2, TRUE, '2026-03-17T19:31:34.374302+00:00', '2026-03-17T19:31:34.374302+00:00'),
  ('e98a018b-94ef-4794-bdec-9ab7c54bb480', 'b0000000-0000-0000-0000-000000000005', 'a0000000-0000-0000-0000-000000000001', 'Single project view', NULL, 'planned', 'high', 3, TRUE, '2026-03-17T19:31:34.374302+00:00', '2026-03-17T19:31:34.374302+00:00'),
  ('8841f27c-57b0-40e0-8873-6e7e3acf01df', 'b0000000-0000-0000-0000-000000000005', 'a0000000-0000-0000-0000-000000000001', 'Inline edit controls (auth-gated)', NULL, 'planned', 'high', 4, TRUE, '2026-03-17T19:31:34.374302+00:00', '2026-03-17T19:31:34.374302+00:00'),
  ('52b7e629-11d5-4dcb-bba6-e34ccae0eba0', 'b0000000-0000-0000-0000-000000000005', 'a0000000-0000-0000-0000-000000000001', 'Scope log timeline', NULL, 'planned', 'medium', 5, TRUE, '2026-03-17T19:31:34.374302+00:00', '2026-03-17T19:31:34.374302+00:00'),
  ('4b4365aa-bcc4-4992-b50e-1c2e1fd98b11', 'b0000000-0000-0000-0000-000000000005', 'a0000000-0000-0000-0000-000000000001', 'Seed data', NULL, 'planned', 'medium', 6, TRUE, '2026-03-17T19:31:34.374302+00:00', '2026-03-17T19:31:34.374302+00:00'),
  ('2be1404e-4d68-4658-82e4-ab7959856b0b', 'd1ad17d5-f829-4df2-a86a-46d97b2e7b39', 'a0000000-0000-0000-0000-000000000001', 'App Store submission', NULL, 'planned', 'medium', 6, FALSE, '2026-03-18T22:06:23.971526+00:00', '2026-03-18T22:06:23.971526+00:00'),
  ('56bef20e-fedc-4504-b18b-bc13eefebd9a', 'd1ad17d5-f829-4df2-a86a-46d97b2e7b39', 'a0000000-0000-0000-0000-000000000001', 'Wireframes & design system', NULL, 'planned', 'high', 0, FALSE, '2026-03-18T22:06:23.971526+00:00', '2026-03-18T22:06:23.971526+00:00'),
  ('d4b3dcbd-9919-4579-9802-1fd26c6a1f66', 'd1ad17d5-f829-4df2-a86a-46d97b2e7b39', 'a0000000-0000-0000-0000-000000000001', 'Supabase auth integration', NULL, 'planned', 'critical', 1, FALSE, '2026-03-18T22:06:23.971526+00:00', '2026-03-18T22:06:23.971526+00:00'),
  ('2e12c240-2613-4648-8fc5-33d642a73d65', 'd1ad17d5-f829-4df2-a86a-46d97b2e7b39', 'a0000000-0000-0000-0000-000000000001', 'QR code scanner', NULL, 'planned', 'critical', 2, FALSE, '2026-03-18T22:06:23.971526+00:00', '2026-03-18T22:06:23.971526+00:00'),
  ('f0cfb5d2-3b2e-466a-88d0-f394ccaba127', 'd1ad17d5-f829-4df2-a86a-46d97b2e7b39', 'a0000000-0000-0000-0000-000000000001', 'Item detail view', NULL, 'planned', 'high', 3, FALSE, '2026-03-18T22:06:23.971526+00:00', '2026-03-18T22:06:23.971526+00:00'),
  ('3c8c0dbb-42b4-4468-8ecf-07713077025d', 'd1ad17d5-f829-4df2-a86a-46d97b2e7b39', 'a0000000-0000-0000-0000-000000000001', 'Claim/register item flow', NULL, 'planned', 'high', 4, FALSE, '2026-03-18T22:06:23.971526+00:00', '2026-03-18T22:06:23.971526+00:00'),
  ('e33e3996-30a6-410f-9ac3-c015f925c717', 'd1ad17d5-f829-4df2-a86a-46d97b2e7b39', 'a0000000-0000-0000-0000-000000000001', 'Push notifications', NULL, 'planned', 'medium', 5, FALSE, '2026-03-18T22:06:23.971526+00:00', '2026-03-18T22:06:23.971526+00:00'),
  ('ff448707-04f3-4b0b-a396-819b722ebf4a', '31b6e611-5cbe-4c17-bb55-d90aad90ffed', 'a0000000-0000-0000-0000-000000000001', 'Wireframes & design system', NULL, 'planned', 'high', 0, FALSE, '2026-03-18T22:06:23.971526+00:00', '2026-03-18T22:06:23.971526+00:00'),
  ('809b8fcf-1c57-4e28-b6ff-e10ebae9237d', '31b6e611-5cbe-4c17-bb55-d90aad90ffed', 'a0000000-0000-0000-0000-000000000001', 'Supabase auth integration', NULL, 'planned', 'critical', 1, FALSE, '2026-03-18T22:06:23.971526+00:00', '2026-03-18T22:06:23.971526+00:00'),
  ('7b7c06a9-431d-4c4e-8494-09e037f7a54b', '31b6e611-5cbe-4c17-bb55-d90aad90ffed', 'a0000000-0000-0000-0000-000000000001', 'QR code scanner', NULL, 'planned', 'critical', 2, FALSE, '2026-03-18T22:06:23.971526+00:00', '2026-03-18T22:06:23.971526+00:00'),
  ('b1419c3c-662e-4148-9363-acf0d97b6aae', '31b6e611-5cbe-4c17-bb55-d90aad90ffed', 'a0000000-0000-0000-0000-000000000001', 'Item detail view', NULL, 'planned', 'high', 3, FALSE, '2026-03-18T22:06:23.971526+00:00', '2026-03-18T22:06:23.971526+00:00'),
  ('56e58f27-b5c2-46cf-b3b4-4a940c27209d', '31b6e611-5cbe-4c17-bb55-d90aad90ffed', 'a0000000-0000-0000-0000-000000000001', 'Claim/register item flow', NULL, 'planned', 'high', 4, FALSE, '2026-03-18T22:06:23.971526+00:00', '2026-03-18T22:06:23.971526+00:00'),
  ('07da5da0-9ffe-4728-92fc-f1eccfbd3e44', '31b6e611-5cbe-4c17-bb55-d90aad90ffed', 'a0000000-0000-0000-0000-000000000001', 'Push notifications', NULL, 'planned', 'medium', 5, FALSE, '2026-03-18T22:06:23.971526+00:00', '2026-03-18T22:06:23.971526+00:00'),
  ('e7810fce-c11e-4a75-ba25-31f2ea2582fb', '31b6e611-5cbe-4c17-bb55-d90aad90ffed', 'a0000000-0000-0000-0000-000000000001', 'Play Store submission', NULL, 'planned', 'medium', 6, FALSE, '2026-03-18T22:06:23.971526+00:00', '2026-03-18T22:06:23.971526+00:00'),
  ('71955947-331b-4cea-9811-75942682bef9', '559eb6e0-bc62-4d47-a00c-138e7fa32bc5', '13f53d2f-c9d9-44f9-b729-ac8de661d172', 'Vercel deployment', 'get the app live', 'done', 'medium', 0, FALSE, '2026-03-19T18:12:41.483784+00:00', '2026-03-19T18:14:03.040192+00:00'),
  ('e7cf1808-5dbe-4c0c-9173-da7684216ea3', '559eb6e0-bc62-4d47-a00c-138e7fa32bc5', '13f53d2f-c9d9-44f9-b729-ac8de661d172', 'Auth', 'Supabase login working', 'done', 'medium', 0, FALSE, '2026-03-19T18:12:41.798389+00:00', '2026-03-19T18:14:03.280691+00:00'),
  ('c404fd0a-d6aa-4e96-9886-ef588da5ff22', '559eb6e0-bc62-4d47-a00c-138e7fa32bc5', '13f53d2f-c9d9-44f9-b729-ac8de661d172', 'Dashboard', 'project cards with feature counts', 'done', 'medium', 0, FALSE, '2026-03-19T18:12:42.02723+00:00', '2026-03-19T18:14:03.558353+00:00'),
  ('a9a7d349-deeb-46ae-8358-6a3f1f27f5a8', '559eb6e0-bc62-4d47-a00c-138e7fa32bc5', '13f53d2f-c9d9-44f9-b729-ac8de661d172', 'Burn-up chart', 'scope log visualization', 'done', 'medium', 0, FALSE, '2026-03-19T18:12:42.415273+00:00', '2026-03-19T18:14:03.795386+00:00'),
  ('ad675432-cbcd-49db-8655-8f7822ccc0b0', '559eb6e0-bc62-4d47-a00c-138e7fa32bc5', '13f53d2f-c9d9-44f9-b729-ac8de661d172', 'Git feed', 'recent commits via GitHub API', 'done', 'medium', 0, FALSE, '2026-03-19T18:12:42.820935+00:00', '2026-03-19T18:14:04.084741+00:00'),
  ('a461832b-d5d9-479e-a7f5-5eac7e1e245f', '82ef0f8c-48eb-4515-9ce3-6eb51d0da590', '13f53d2f-c9d9-44f9-b729-ac8de661d172', 'Sync script', 'push .md files to Supabase', 'done', 'medium', 0, FALSE, '2026-03-19T18:12:43.029528+00:00', '2026-03-19T18:14:04.308258+00:00'),
  ('e6ccae9b-ef28-4473-9c8f-6ba3a0efbcba', '82ef0f8c-48eb-4515-9ce3-6eb51d0da590', '13f53d2f-c9d9-44f9-b729-ac8de661d172', 'Sub-project support', 'parent/child project nesting', 'in_progress', 'medium', 0, FALSE, '2026-03-19T18:12:43.36307+00:00', '2026-03-19T18:14:04.605532+00:00'),
  ('3d5b2888-7c2e-4e2a-ac0c-1c6f01b063ef', '82ef0f8c-48eb-4515-9ce3-6eb51d0da590', '13f53d2f-c9d9-44f9-b729-ac8de661d172', 'Git hook', 'auto-sync on commit', 'planned', 'medium', 0, FALSE, '2026-03-19T18:13:22.804909+00:00', '2026-03-19T18:14:04.827745+00:00'),
  ('06b1e56e-7ead-48ec-9a22-b1e9566b1410', 'e3ebb752-a1ec-46c4-9bfc-fc1f135e52e9', 'a0000000-0000-0000-0000-000000000001', 'Product naming & branding', 'settled on QRSTKR, qrstkr.com', 'done', 'medium', 0, FALSE, '2026-03-19T18:25:54.256058+00:00', '2026-03-19T18:26:49.020128+00:00'),
  ('4f9a5f59-ebc5-41aa-9bc1-a8edae38ca4d', 'e3ebb752-a1ec-46c4-9bfc-fc1f135e52e9', 'a0000000-0000-0000-0000-000000000001', 'Domain registration', 'qrstkr.com on Cloudflare DNS', 'done', 'medium', 0, FALSE, '2026-03-19T18:25:54.655533+00:00', '2026-03-19T18:26:49.246498+00:00'),
  ('74290aae-3e6f-4044-90e6-d37fa38de623', 'e3ebb752-a1ec-46c4-9bfc-fc1f135e52e9', 'a0000000-0000-0000-0000-000000000001', 'Technical specification', 'QR_Sticker_Platform_Spec.md v1.1', 'done', 'medium', 0, FALSE, '2026-03-19T18:25:55.0467+00:00', '2026-03-19T18:26:49.543362+00:00'),
  ('9c243317-7658-4c64-ae87-0cd4f2b25ed4', 'e3ebb752-a1ec-46c4-9bfc-fc1f135e52e9', 'a0000000-0000-0000-0000-000000000001', 'Infrastructure & cost analysis', NULL, 'done', 'medium', 0, FALSE, '2026-03-19T18:25:55.339303+00:00', '2026-03-19T18:26:49.761284+00:00'),
  ('42ed618e-356f-45cd-b641-d2eb693d046a', 'e3ebb752-a1ec-46c4-9bfc-fc1f135e52e9', 'a0000000-0000-0000-0000-000000000001', 'Plain-English project overview', 'boss-friendly doc and infographic', 'done', 'medium', 0, FALSE, '2026-03-19T18:25:55.692523+00:00', '2026-03-19T18:26:50.071642+00:00'),
  ('fa7dfd0b-4873-40d4-8869-faf42c0ebc8d', 'aaea6a20-0322-42df-b618-1d18f10d9809', 'a0000000-0000-0000-0000-000000000001', 'State-shaped QR engine', 'Python script with noise fill and bullseye placement', 'done', 'medium', 0, FALSE, '2026-03-19T18:25:56.08922+00:00', '2026-03-19T18:26:50.302062+00:00'),
  ('4371b780-013e-44bc-9683-02f9499a89d8', 'aaea6a20-0322-42df-b618-1d18f10d9809', 'a0000000-0000-0000-0000-000000000001', 'Circular QR codes', 'rounded finder patterns and batch SVG generation', 'done', 'medium', 0, FALSE, '2026-03-19T18:25:56.594373+00:00', '2026-03-19T18:26:50.592123+00:00'),
  ('fb8ac9d2-0af7-4851-9e42-6d13b2b96758', 'aaea6a20-0322-42df-b618-1d18f10d9809', 'a0000000-0000-0000-0000-000000000001', 'Sticker customizer', 'interactive editor with 5-channel color system and gradient support', 'done', 'medium', 0, FALSE, '2026-03-19T18:25:56.854971+00:00', '2026-03-19T18:26:50.801597+00:00'),
  ('e046d44a-066e-4ef5-976b-f6501985b63d', 'aaea6a20-0322-42df-b618-1d18f10d9809', 'a0000000-0000-0000-0000-000000000001', 'Georgia sticker generation', '4 unused codes available', 'planned', 'medium', 0, FALSE, '2026-03-19T18:25:57.248669+00:00', '2026-03-19T18:26:51.116849+00:00'),
  ('844e5983-7bf5-4f88-bffe-b478cd403891', 'aaea6a20-0322-42df-b618-1d18f10d9809', 'a0000000-0000-0000-0000-000000000001', 'Python generation microservice', 'Docker on Railway', 'planned', 'medium', 0, FALSE, '2026-03-19T18:25:57.641775+00:00', '2026-03-19T18:26:51.342361+00:00'),
  ('d4e62240-6441-4524-81b9-7eff51f3d6e5', 'aaea6a20-0322-42df-b618-1d18f10d9809', 'a0000000-0000-0000-0000-000000000001', 'Order flow in customizer', 'order button, modal, Square payment integration', 'planned', 'medium', 0, FALSE, '2026-03-19T18:25:57.88606+00:00', '2026-03-19T18:26:51.817662+00:00'),
  ('d66de23a-cb11-4306-abff-98aa306c8d8b', 'aaea6a20-0322-42df-b618-1d18f10d9809', 'a0000000-0000-0000-0000-000000000001', 'Admin print queue UI', NULL, 'planned', 'medium', 0, FALSE, '2026-03-19T18:25:58.177018+00:00', '2026-03-19T18:26:52.163768+00:00'),
  ('d9568f73-2e4e-4c78-ad0c-df74ec73d31f', 'aaea6a20-0322-42df-b618-1d18f10d9809', 'a0000000-0000-0000-0000-000000000001', 'State coverage expansion', 'additional states beyond FL, GA, TX', 'planned', 'medium', 0, FALSE, '2026-03-19T18:25:58.385088+00:00', '2026-03-19T18:26:52.391006+00:00'),
  ('31545d57-8053-48b6-8f09-501dd9433b21', 'ab8681b6-f8be-4064-bc39-c427c870d760', 'a0000000-0000-0000-0000-000000000001', 'Infrastructure', 'Supabase, Vercel, GitHub org, branch protection', 'done', 'medium', 0, FALSE, '2026-03-19T18:25:58.716108+00:00', '2026-03-19T18:26:52.690127+00:00'),
  ('9cef8180-1da8-45c8-aa35-5b9c6eee8b81', 'ab8681b6-f8be-4064-bc39-c427c870d760', 'a0000000-0000-0000-0000-000000000001', 'Database schema', 'stickers, items, profiles tables with RLS', 'done', 'medium', 0, FALSE, '2026-03-19T18:25:58.950491+00:00', '2026-03-19T18:26:52.902646+00:00'),
  ('f70e8e9e-b57a-478d-978f-7fa8bb0fa4bd', 'ab8681b6-f8be-4064-bc39-c427c870d760', 'a0000000-0000-0000-0000-000000000001', 'Scan landing page', '/i/[code] with claimed and unclaimed states', 'done', 'medium', 0, FALSE, '2026-03-19T18:25:59.37226+00:00', '2026-03-19T18:26:53.219138+00:00'),
  ('0c1824af-b980-493a-8fc6-ae7e7ae08e70', 'ab8681b6-f8be-4064-bc39-c427c870d760', 'a0000000-0000-0000-0000-000000000001', 'Claim flow', '/claim/[code] with category, make, model, notes', 'done', 'medium', 0, FALSE, '2026-03-19T18:25:59.768171+00:00', '2026-03-19T18:26:53.460462+00:00'),
  ('08b2ab46-eccb-4c9c-abff-e4ebe89470de', 'ab8681b6-f8be-4064-bc39-c427c870d760', 'a0000000-0000-0000-0000-000000000001', 'Auth system', 'email/password, Google OAuth, Apple OAuth', 'done', 'medium', 0, FALSE, '2026-03-19T18:26:00.012937+00:00', '2026-03-19T18:26:53.735002+00:00'),
  ('cc36de64-1f2a-407e-adec-7e0733f88565', 'ab8681b6-f8be-4064-bc39-c427c870d760', 'a0000000-0000-0000-0000-000000000001', 'Owner dashboard', 'edit item details, My Items page, redirect after auth', 'done', 'medium', 0, FALSE, '2026-03-19T18:26:00.404935+00:00', '2026-03-19T18:26:53.958708+00:00'),
  ('c7266e52-4e07-43fa-bf0e-254ecb82c780', 'ab8681b6-f8be-4064-bc39-c427c870d760', 'a0000000-0000-0000-0000-000000000001', 'Contact info', 'optional phone/email with per-item toggle', 'done', 'medium', 0, FALSE, '2026-03-19T18:26:00.628186+00:00', '2026-03-19T18:26:54.264075+00:00'),
  ('4cb2bef4-efef-4903-b53b-9b6ef9dcf7e6', 'ab8681b6-f8be-4064-bc39-c427c870d760', 'a0000000-0000-0000-0000-000000000001', 'Photo uploads', 'client compression, Supabase Storage, gallery grid', 'done', 'medium', 0, FALSE, '2026-03-19T18:26:00.922544+00:00', '2026-03-19T18:26:54.484097+00:00'),
  ('ecf338de-5036-4a01-b228-901f2bf06fb1', 'ab8681b6-f8be-4064-bc39-c427c870d760', 'a0000000-0000-0000-0000-000000000001', 'Design system', 'QRSTKR theme, Plus Jakarta Sans, responsive layout', 'done', 'medium', 0, FALSE, '2026-03-19T18:26:01.309631+00:00', '2026-03-19T18:26:54.785483+00:00'),
  ('4c5c4193-5170-434c-981e-1b0147c03afb', '390774cb-3d8a-4c8f-9bc3-223c947d198c', 'a0000000-0000-0000-0000-000000000001', 'Shop database', 'shops, shop_employees, notifications tables with RLS', 'done', 'medium', 0, FALSE, '2026-03-19T18:26:01.563197+00:00', '2026-03-19T18:26:55.021685+00:00'),
  ('180adff0-3f90-48d7-8ea4-369beea71767', '390774cb-3d8a-4c8f-9bc3-223c947d198c', 'a0000000-0000-0000-0000-000000000001', 'Shop API routes', 'register, profile CRUD, employees, submissions, disputes', 'done', 'medium', 0, FALSE, '2026-03-19T18:26:01.972584+00:00', '2026-03-19T18:26:55.310621+00:00'),
  ('851edf57-9dd6-4dcc-82c3-fdb2b476f0cb', '390774cb-3d8a-4c8f-9bc3-223c947d198c', 'a0000000-0000-0000-0000-000000000001', 'Shop registration UI', '/shop/register with business info and TOS', 'done', 'medium', 0, FALSE, '2026-03-19T18:26:02.200987+00:00', '2026-03-19T18:26:55.532655+00:00'),
  ('70e750bd-b8f7-4b12-b512-c6dc8769c9e4', '390774cb-3d8a-4c8f-9bc3-223c947d198c', 'a0000000-0000-0000-0000-000000000001', 'Shop dashboard', 'stats cards, quick actions, recent activity feed', 'done', 'medium', 0, FALSE, '2026-03-19T18:26:02.476541+00:00', '2026-03-19T18:26:55.832845+00:00'),
  ('6278757f-3c93-4dcf-aaf7-bda1e3c7dc9f', '390774cb-3d8a-4c8f-9bc3-223c947d198c', 'a0000000-0000-0000-0000-000000000001', 'Service submission', 'QR scanner via jsqr, item confirmation, line items', 'done', 'medium', 0, FALSE, '2026-03-19T18:26:02.9019+00:00', '2026-03-19T18:26:56.063772+00:00'),
  ('dc9487f5-a4b0-49c4-921d-084890b85581', '390774cb-3d8a-4c8f-9bc3-223c947d198c', 'a0000000-0000-0000-0000-000000000001', 'Service history', 'searchable submission list', 'done', 'medium', 0, FALSE, '2026-03-19T18:26:03.136136+00:00', '2026-03-19T18:26:56.366467+00:00'),
  ('9a7934e1-de69-4029-b0ea-fc74d4060ec7', '390774cb-3d8a-4c8f-9bc3-223c947d198c', 'a0000000-0000-0000-0000-000000000001', 'Owner dispute flow', 'double confirmation, soft delete with dispute reason', 'done', 'medium', 0, FALSE, '2026-03-19T18:26:03.438259+00:00', '2026-03-19T18:26:56.608973+00:00'),
  ('c7eef76d-5991-480d-88ba-89aaf9d39bb8', '390774cb-3d8a-4c8f-9bc3-223c947d198c', 'a0000000-0000-0000-0000-000000000001', 'Shop verification', 'Google Business lookup and manual review with doc upload', 'done', 'medium', 0, FALSE, '2026-03-19T18:26:03.680679+00:00', '2026-03-19T18:26:57.121345+00:00'),
  ('eb3d24f3-1f12-452e-9391-cfd0b9592efe', '390774cb-3d8a-4c8f-9bc3-223c947d198c', 'a0000000-0000-0000-0000-000000000001', 'Admin verification dashboard', '/admin/shops with approve and reject flow', 'done', 'medium', 0, FALSE, '2026-03-19T18:26:04.043635+00:00', '2026-03-19T18:26:57.561596+00:00'),
  ('65e14639-afd1-425d-aacf-e8bd31d05a69', '390774cb-3d8a-4c8f-9bc3-223c947d198c', 'a0000000-0000-0000-0000-000000000001', 'Employee management', 'invite by email or phone with SMS via Twilio', 'done', 'medium', 0, FALSE, '2026-03-19T18:26:04.296604+00:00', '2026-03-19T18:26:57.927307+00:00'),
  ('32cf37ae-275f-4f51-8161-3788ee32665a', '390774cb-3d8a-4c8f-9bc3-223c947d198c', 'a0000000-0000-0000-0000-000000000001', 'Technician picker', 'multi-select from employees with display names', 'done', 'medium', 0, FALSE, '2026-03-19T18:26:04.586601+00:00', '2026-03-19T18:26:58.668706+00:00'),
  ('9eff238c-ce63-4ed0-9d64-9cf82fd4e244', '390774cb-3d8a-4c8f-9bc3-223c947d198c', 'a0000000-0000-0000-0000-000000000001', 'Account type separation', 'personal vs business accounts enforced at registration', 'done', 'medium', 0, FALSE, '2026-03-19T18:26:04.977541+00:00', '2026-03-19T18:26:58.984586+00:00'),
  ('b689eb00-27c6-47cb-84e6-c21266f73964', '390774cb-3d8a-4c8f-9bc3-223c947d198c', 'a0000000-0000-0000-0000-000000000001', 'Shop mobile nav', 'hamburger dropdown with current page indicator', 'done', 'medium', 0, FALSE, '2026-03-19T18:26:05.20346+00:00', '2026-03-19T18:26:59.222229+00:00'),
  ('05ead489-a97b-4931-a952-dd9ca29ea1a9', '390774cb-3d8a-4c8f-9bc3-223c947d198c', 'a0000000-0000-0000-0000-000000000001', 'Notification system', 'in-app notifications for new shop submissions', 'done', 'medium', 0, FALSE, '2026-03-19T18:26:05.540771+00:00', '2026-03-19T18:26:59.509318+00:00'),
  ('f273a390-ba3f-48e4-a2bb-ad619f0d7e8f', '62b556eb-5468-4ab0-8437-01f47c8be28d', 'a0000000-0000-0000-0000-000000000001', 'Maintenance records', 'create, edit, history timeline with RLS', 'done', 'medium', 0, FALSE, '2026-03-19T18:26:05.782516+00:00', '2026-03-19T18:26:59.72066+00:00'),
  ('2e0b9a73-1a44-432f-8d10-3674d8cc4d69', '62b556eb-5468-4ab0-8437-01f47c8be28d', 'a0000000-0000-0000-0000-000000000001', 'Shop-submitted records display', 'verified shop badge and dispute button on owner view', 'done', 'medium', 0, FALSE, '2026-03-19T18:26:06.173989+00:00', '2026-03-19T18:27:00.038546+00:00'),
  ('d9c32a07-3409-44c5-96c4-72ab3935b83f', '62b556eb-5468-4ab0-8437-01f47c8be28d', 'a0000000-0000-0000-0000-000000000001', 'Twilio A2P campaign approval', 'required for SMS to go live', 'in_progress', 'medium', 0, FALSE, '2026-03-19T18:26:06.578151+00:00', '2026-03-19T18:27:00.595412+00:00'),
  ('2a3fb247-9d04-45be-a7c9-88084b239089', '62b556eb-5468-4ab0-8437-01f47c8be28d', 'a0000000-0000-0000-0000-000000000001', 'AI assistant', 'Claude API integration with item context injection', 'planned', 'medium', 0, FALSE, '2026-03-19T18:26:06.809626+00:00', '2026-03-19T18:27:00.830204+00:00'),
  ('451aad0d-7bf0-40d9-b3ab-0bbd389e832f', '62b556eb-5468-4ab0-8437-01f47c8be28d', 'a0000000-0000-0000-0000-000000000001', 'AI chat UI', 'owner-only chat interface on item page', 'planned', 'medium', 0, FALSE, '2026-03-19T18:26:07.209202+00:00', '2026-03-19T18:27:01.173989+00:00'),
  ('3092b7cc-4ec1-44d2-b6c7-410278d5ca91', '62b556eb-5468-4ab0-8437-01f47c8be28d', 'a0000000-0000-0000-0000-000000000001', 'Conversation history storage', NULL, 'planned', 'medium', 0, FALSE, '2026-03-19T18:26:07.451019+00:00', '2026-03-19T18:27:01.411384+00:00'),
  ('547774a3-0263-46c7-8ec0-ffebaf288185', 'a0ae543e-bbe9-4d0b-8f98-416f57422b30', 'a0000000-0000-0000-0000-000000000001', 'Ownership transfer', 'invite link generation and acceptance flow', 'planned', 'medium', 0, FALSE, '2026-03-19T18:26:07.713493+00:00', '2026-03-19T18:27:01.719929+00:00'),
  ('8922af75-f1d4-4ccc-b84a-19ffcc0ec12e', 'a0ae543e-bbe9-4d0b-8f98-416f57422b30', 'a0000000-0000-0000-0000-000000000001', 'Ownership history', 'provenance chain timeline', 'planned', 'medium', 0, FALSE, '2026-03-19T18:26:08.135505+00:00', '2026-03-19T18:27:01.98768+00:00'),
  ('a65f0bce-3c2d-4f61-9238-aebb1159dc28', 'a0ae543e-bbe9-4d0b-8f98-416f57422b30', 'a0000000-0000-0000-0000-000000000001', 'Marketplace listing', 'list item for sale with price', 'planned', 'medium', 0, FALSE, '2026-03-19T18:26:08.368577+00:00', '2026-03-19T18:27:02.243162+00:00'),
  ('acd788f7-1f53-4dfe-a760-1baeee657077', 'a0ae543e-bbe9-4d0b-8f98-416f57422b30', 'a0000000-0000-0000-0000-000000000001', 'Marketplace browse', 'search and filter listed items', 'planned', 'medium', 0, FALSE, '2026-03-19T18:26:08.679208+00:00', '2026-03-19T18:27:02.478292+00:00'),
  ('4fea83cf-59f2-4eea-b236-575d82a10014', 'a0ae543e-bbe9-4d0b-8f98-416f57422b30', 'a0000000-0000-0000-0000-000000000001', 'Buyer inquiry system', 'messaging from buyer to seller', 'planned', 'medium', 0, FALSE, '2026-03-19T18:26:08.940541+00:00', '2026-03-19T18:27:02.756421+00:00'),
  ('7e8bc7b6-ac8d-495f-a0cc-75aa79521917', 'a0ae543e-bbe9-4d0b-8f98-416f57422b30', 'a0000000-0000-0000-0000-000000000001', 'E-commerce', 'sticker ordering flow with Stripe payment', 'planned', 'medium', 0, FALSE, '2026-03-19T18:26:09.316164+00:00', '2026-03-19T18:27:02.980049+00:00'),
  ('0ffb3ccf-ac9e-428b-8106-8b100dea7964', 'a0ae543e-bbe9-4d0b-8f98-416f57422b30', 'a0000000-0000-0000-0000-000000000001', 'Full state coverage', 'all 50 states plus DC', 'planned', 'medium', 0, FALSE, '2026-03-19T18:26:09.698574+00:00', '2026-03-19T18:27:03.285215+00:00'),
  ('d5493f63-82e1-40c6-a1a6-359040e70330', 'defaba78-3394-49c7-8250-feb05ab5bf0e', 'a0000000-0000-0000-0000-000000000001', 'Dealer portal', 'bulk orders, inventory management, branded pages', 'planned', 'medium', 0, FALSE, '2026-03-19T18:26:09.933429+00:00', '2026-03-19T18:27:03.507752+00:00'),
  ('c876b44e-dd6e-4303-b970-143df0e22d8e', 'defaba78-3394-49c7-8250-feb05ab5bf0e', 'a0000000-0000-0000-0000-000000000001', 'Native iOS app', NULL, 'planned', 'medium', 0, FALSE, '2026-03-19T18:26:10.243698+00:00', '2026-03-19T18:27:03.814695+00:00'),
  ('8ff705b3-6421-4d71-9e47-3c791516f725', 'defaba78-3394-49c7-8250-feb05ab5bf0e', 'a0000000-0000-0000-0000-000000000001', 'Native Android app', NULL, 'planned', 'medium', 0, FALSE, '2026-03-19T18:26:10.517082+00:00', '2026-03-19T18:27:04.060393+00:00'),
  ('d91bd74d-39c4-4532-84bd-70bdc6a0d059', 'defaba78-3394-49c7-8250-feb05ab5bf0e', 'a0000000-0000-0000-0000-000000000001', 'Third-party API', 'integrations for dealers and equipment rental companies', 'planned', 'medium', 0, FALSE, '2026-03-19T18:26:10.905753+00:00', '2026-03-19T18:27:04.332652+00:00'),
  ('7a8d2a99-7a42-4653-b4dd-4be3007de4b6', 'defaba78-3394-49c7-8250-feb05ab5bf0e', 'a0000000-0000-0000-0000-000000000001', 'Subscription renewal system', 'annual per-item renewal', 'planned', 'medium', 0, FALSE, '2026-03-19T18:26:11.298709+00:00', '2026-03-19T18:27:04.576574+00:00'),
  ('0cba3db6-5f15-4bee-ab99-d44b3e4ef26a', 'defaba78-3394-49c7-8250-feb05ab5bf0e', 'a0000000-0000-0000-0000-000000000001', 'Replacement sticker ordering', 'new QR code linked to same item', 'planned', 'medium', 0, FALSE, '2026-03-19T18:26:11.582301+00:00', '2026-03-19T18:27:04.859873+00:00'),
  ('ad37d3ae-d6e1-41a7-82b1-98e177667194', '59fce956-6933-49b1-812e-74dd23087d29', 'a0000000-0000-0000-0000-000000000001', 'RLS policy audit', 'stickers, items, profiles, orders, coupons tables', 'planned', 'medium', 0, FALSE, '2026-03-19T18:26:11.929344+00:00', '2026-03-19T18:27:05.081488+00:00'),
  ('dbb46590-a998-4aa5-8173-32800bd456c2', '59fce956-6933-49b1-812e-74dd23087d29', 'a0000000-0000-0000-0000-000000000001', 'Auth flow review', 'email/password, Google OAuth, Apple OAuth, middleware', 'planned', 'medium', 0, FALSE, '2026-03-19T18:26:12.474199+00:00', '2026-03-19T18:27:05.388962+00:00'),
  ('9a608587-de82-4a1e-8c79-be5d07ef48db', '59fce956-6933-49b1-812e-74dd23087d29', 'a0000000-0000-0000-0000-000000000001', 'Apple OAuth secret rotation', 'JWT secret expires approximately August 2026', 'planned', 'medium', 0, FALSE, '2026-03-19T18:26:12.88453+00:00', '2026-03-19T18:27:05.616078+00:00'),
  ('72a11fc1-9a37-4a30-98f0-954c0ae09961', '59fce956-6933-49b1-812e-74dd23087d29', 'a0000000-0000-0000-0000-000000000001', 'Rate limiting', 'Upstash Redis on coupon validate, auth, scan, and order endpoints', 'planned', 'medium', 0, FALSE, '2026-03-19T18:26:13.150718+00:00', '2026-03-19T18:27:05.911866+00:00'),
  ('3572b126-d893-4000-8b8e-0876c20bb049', '59fce956-6933-49b1-812e-74dd23087d29', 'a0000000-0000-0000-0000-000000000001', 'CSRF protection', NULL, 'planned', 'medium', 0, FALSE, '2026-03-19T18:26:13.505487+00:00', '2026-03-19T18:27:06.149158+00:00'),
  ('59e7cc82-65a1-4376-b40f-baa7ee94a789', '59fce956-6933-49b1-812e-74dd23087d29', 'a0000000-0000-0000-0000-000000000001', 'Content Security Policy headers', NULL, 'planned', 'medium', 0, FALSE, '2026-03-19T18:26:13.755604+00:00', '2026-03-19T18:27:06.424037+00:00'),
  ('e167f714-7083-46f6-aef0-031d11359713', '59fce956-6933-49b1-812e-74dd23087d29', 'a0000000-0000-0000-0000-000000000001', 'Maintenance endpoint auth gap', 'GET /api/maintenance currently has no auth check', 'planned', 'medium', 0, FALSE, '2026-03-19T18:26:14.05779+00:00', '2026-03-19T18:27:06.641856+00:00')
ON CONFLICT (id) DO NOTHING;

-- Scope log (135 rows)
INSERT INTO scope_log (id, project_id, feature_id, action, description, old_value, new_value, created_at) VALUES
  ('e90c0bd5-2bc6-40b6-b375-e253e12b328e', 'a0000000-0000-0000-0000-000000000001', NULL, 'project_created', 'Project created: "QRSTKR"', NULL, NULL, '2026-03-17T19:31:34.374302+00:00'),
  ('46ad0cf1-d67b-4e1c-8385-3f3284fbd2f6', 'a0000000-0000-0000-0000-000000000001', NULL, 'milestone_added', 'Milestone added: "Core Platform"', NULL, NULL, '2026-03-17T19:31:34.374302+00:00'),
  ('27224fa6-b536-40c7-80c3-2fc191ea628a', 'a0000000-0000-0000-0000-000000000001', NULL, 'milestone_added', 'Milestone added: "Intern Task Portal"', NULL, NULL, '2026-03-17T19:31:34.374302+00:00'),
  ('81cc8a41-339e-4d48-bae3-64ef061a0247', 'a0000000-0000-0000-0000-000000000001', NULL, 'milestone_added', 'Milestone added: "Fiber Laser Integration"', NULL, NULL, '2026-03-17T19:31:34.374302+00:00'),
  ('f31af61e-db32-46f8-8f43-bcbf8fc03ee6', 'a0000000-0000-0000-0000-000000000001', NULL, 'milestone_added', 'Milestone added: "Marketing Site & Public Presence"', NULL, NULL, '2026-03-17T19:31:34.374302+00:00'),
  ('896dea9d-7647-4e84-baa3-184ce5c6ac65', 'a0000000-0000-0000-0000-000000000001', NULL, 'milestone_added', 'Milestone added: "Project Dashboard"', NULL, NULL, '2026-03-17T19:31:34.374302+00:00'),
  ('40e85400-c69f-4a14-8516-411f1fe12e0a', 'a0000000-0000-0000-0000-000000000001', '086b3b5e-835a-4e8a-87e6-4f16415399f6', 'feature_added', 'Feature added: "QR scan → item page routing"', NULL, 'shipped', '2026-03-17T19:31:34.374302+00:00'),
  ('aaa3de6c-9979-4cc1-bba2-4b0458354c5c', 'a0000000-0000-0000-0000-000000000001', 'fbfd4914-cc13-4494-82e2-7856e7d6b870', 'feature_added', 'Feature added: "Item registration/claim flow"', NULL, 'shipped', '2026-03-17T19:31:34.374302+00:00'),
  ('bf76512d-e699-48a6-8a40-51eeb89c290c', 'a0000000-0000-0000-0000-000000000001', '9f56c230-1855-4b16-9e30-c7b8b09e43a7', 'feature_added', 'Feature added: "User auth via Supabase"', NULL, 'shipped', '2026-03-17T19:31:34.374302+00:00'),
  ('96756b14-b1a7-429c-8c16-6ceb901e015d', 'a0000000-0000-0000-0000-000000000001', '3ed0ea70-c4c5-4f7d-b6b8-5c38381466f3', 'feature_added', 'Feature added: "Item detail page (public view)"', NULL, 'shipped', '2026-03-17T19:31:34.374302+00:00'),
  ('0c78ce36-c43a-4998-9943-12fa5d722184', 'a0000000-0000-0000-0000-000000000001', '08649b78-7f06-46f6-87ea-94f7c5e6c56c', 'feature_added', 'Feature added: "Item edit page (owner only)"', NULL, 'shipped', '2026-03-17T19:31:34.374302+00:00'),
  ('07bc6543-ad00-4c6f-98f1-99b887eea354', 'a0000000-0000-0000-0000-000000000001', 'df2e7cc4-a51a-411e-aa54-a8d967b75884', 'feature_added', 'Feature added: "Short code generation (no ambiguous chars)"', NULL, 'shipped', '2026-03-17T19:31:34.374302+00:00'),
  ('5b868f5e-e912-489c-a01f-59dad59180e3', 'a0000000-0000-0000-0000-000000000001', 'ebea61d8-e04f-47ae-a68d-abbba8e0921f', 'feature_added', 'Feature added: "Task display with sequential unlock"', NULL, 'shipped', '2026-03-17T19:31:34.374302+00:00'),
  ('8dd1a84b-ccc8-441f-8951-9ade77fd0381', 'a0000000-0000-0000-0000-000000000001', '0ddb78a6-0045-4266-bb2d-ba4d4fec4b2d', 'feature_added', 'Feature added: "File upload + submission flow"', NULL, 'shipped', '2026-03-17T19:31:34.374302+00:00'),
  ('79bf5547-3a0f-44eb-b415-5dabfeee5dc5', 'a0000000-0000-0000-0000-000000000001', 'ee47282b-24fb-41d0-95c4-3783a54565ff', 'feature_added', 'Feature added: "Admin review/approve/reject UI"', NULL, 'shipped', '2026-03-17T19:31:34.374302+00:00'),
  ('56a33835-46e0-453f-b188-45e0f5800773', 'a0000000-0000-0000-0000-000000000001', 'adc53e66-f1a6-485c-b8e0-0938a8b6080c', 'feature_added', 'Feature added: "Pushover notifications on submission"', NULL, 'shipped', '2026-03-17T19:31:34.374302+00:00'),
  ('50305086-24dc-4f9f-96a3-da745074ac89', 'a0000000-0000-0000-0000-000000000001', '2ebf1655-e53f-4d62-a71f-5f74dd8b214a', 'feature_added', 'Feature added: "Anti-cheat skills assessment quiz" (scope creep)', NULL, 'shipped', '2026-03-17T19:31:34.374302+00:00'),
  ('fd368465-6d12-4472-8c89-f2a1f5dcb2ac', 'a0000000-0000-0000-0000-000000000001', '8f135d90-7cfc-4ea2-8aa8-eaac3bff3462', 'feature_added', 'Feature added: "Revision workflow with admin notes"', NULL, 'shipped', '2026-03-17T19:31:34.374302+00:00'),
  ('b88e1fc9-2edb-4434-a855-3d138a9eab2b', 'a0000000-0000-0000-0000-000000000001', '3b6749bc-8d67-4310-a463-9d719b44c6d4', 'feature_added', 'Feature added: "Task templates for future interns" (scope creep)', NULL, 'shipped', '2026-03-17T19:31:34.374302+00:00'),
  ('86be3c45-26b2-4640-8602-7faa3a03b438', 'a0000000-0000-0000-0000-000000000001', 'db31f7c6-5731-4230-b4ed-287f70c5d109', 'feature_added', 'Feature added: "Batch QR code minting"', NULL, 'planned', '2026-03-17T19:31:34.374302+00:00'),
  ('7d15232d-cd48-4b33-91ab-15f3005c4dbc', 'a0000000-0000-0000-0000-000000000001', 'f79659b2-b173-4b9c-bed5-430dff334133', 'feature_added', 'Feature added: "CSV export for LightBurn"', NULL, 'planned', '2026-03-17T19:31:34.374302+00:00'),
  ('8aa397b4-cfb7-4366-bf44-71666bcca870', 'a0000000-0000-0000-0000-000000000001', '40c37488-d013-46fa-854c-7c6a8b87bab3', 'feature_added', 'Feature added: "Batch status tracking (generated → sent → marked → verified)"', NULL, 'planned', '2026-03-17T19:31:34.374302+00:00'),
  ('e09af6ac-5398-4c73-8531-74c675f9155c', 'a0000000-0000-0000-0000-000000000001', '059d2476-c76c-4963-bbc1-b34c74b4e8d3', 'feature_added', 'Feature added: "Post-marking QR verification endpoint"', NULL, 'planned', '2026-03-17T19:31:34.374302+00:00'),
  ('c7de87a3-90d8-498d-8d5c-6d0bab0a9b6f', 'a0000000-0000-0000-0000-000000000001', '6fad9d1f-ec72-4736-a999-0b6d67e5fbec', 'feature_added', 'Feature added: "Laser operator queue UI"', NULL, 'planned', '2026-03-17T19:31:34.374302+00:00'),
  ('1f4b34b4-17e8-46a5-acc5-fd279e37b236', 'a0000000-0000-0000-0000-000000000001', '620b5d77-4030-4266-b603-b662a3f1e541', 'feature_added', 'Feature added: "Duplicate prevention system"', NULL, 'planned', '2026-03-17T19:31:34.374302+00:00'),
  ('37460e3b-7f71-4847-bfc4-31a73682d51d', 'a0000000-0000-0000-0000-000000000001', '63472dbd-a1d3-43c1-b489-e72aae166517', 'feature_added', 'Feature added: "Landing page redesign"', NULL, 'planned', '2026-03-17T19:31:34.374302+00:00'),
  ('156d7420-5a5d-4627-bacb-3147a635ee31', 'a0000000-0000-0000-0000-000000000001', '1a137ce4-e1cb-49a2-8ca5-84d1baab528e', 'feature_added', 'Feature added: "How-it-works explainer section"', NULL, 'planned', '2026-03-17T19:31:34.374302+00:00'),
  ('5ecc799f-7ada-4625-9e0f-8353c1318b6a', 'a0000000-0000-0000-0000-000000000001', 'cfde6527-2df1-4a4c-b7a0-8332c0f5b0d2', 'feature_added', 'Feature added: "Demo/sandbox mode"', NULL, 'planned', '2026-03-17T19:31:34.374302+00:00'),
  ('885ccdb2-9813-4183-80aa-5331c0143a24', 'a0000000-0000-0000-0000-000000000001', '7e5e4a8f-2a8f-4b18-8d62-30393aeca7a7', 'feature_added', 'Feature added: "Supabase schema + migration" (scope creep)', NULL, 'in_progress', '2026-03-17T19:31:34.374302+00:00'),
  ('83009f52-5b67-44e2-8957-f3021fa229a6', 'a0000000-0000-0000-0000-000000000001', '5f9d2be3-027f-4462-ba4f-38305c50e58c', 'feature_added', 'Feature added: "Dashboard overview page" (scope creep)', NULL, 'planned', '2026-03-17T19:31:34.374302+00:00'),
  ('cec1d1e3-5243-4e1c-af9f-b72a9b78c0ee', 'a0000000-0000-0000-0000-000000000001', 'e98a018b-94ef-4794-bdec-9ab7c54bb480', 'feature_added', 'Feature added: "Single project view" (scope creep)', NULL, 'planned', '2026-03-17T19:31:34.374302+00:00'),
  ('94c8c952-9bcc-4702-8cac-93e1481d2f95', 'a0000000-0000-0000-0000-000000000001', '8841f27c-57b0-40e0-8873-6e7e3acf01df', 'feature_added', 'Feature added: "Inline edit controls (auth-gated)" (scope creep)', NULL, 'planned', '2026-03-17T19:31:34.374302+00:00'),
  ('10cac039-d28d-4d99-8a9c-9379d9f54ff8', 'a0000000-0000-0000-0000-000000000001', '52b7e629-11d5-4dcb-bba6-e34ccae0eba0', 'feature_added', 'Feature added: "Scope log timeline" (scope creep)', NULL, 'planned', '2026-03-17T19:31:34.374302+00:00'),
  ('44d28a05-df22-49eb-93b5-276579faa60a', 'a0000000-0000-0000-0000-000000000001', '4b4365aa-bcc4-4992-b50e-1c2e1fd98b11', 'feature_added', 'Feature added: "Seed data" (scope creep)', NULL, 'planned', '2026-03-17T19:31:34.374302+00:00'),
  ('1d8273e9-0c6a-4406-b9ce-bf39ddd608ea', 'a0000000-0000-0000-0000-000000000001', NULL, 'milestone_added', 'Milestone added: "iOS App"', NULL, NULL, '2026-03-18T22:06:23.971526+00:00'),
  ('18d33888-d193-4cdb-85d2-5bda76c04dd0', 'a0000000-0000-0000-0000-000000000001', '56bef20e-fedc-4504-b18b-bc13eefebd9a', 'feature_added', 'Feature added: "Wireframes & design system"', NULL, 'planned', '2026-03-18T22:06:23.971526+00:00'),
  ('edcce365-1925-4d57-b1f6-9eb0553b67f5', 'a0000000-0000-0000-0000-000000000001', 'd4b3dcbd-9919-4579-9802-1fd26c6a1f66', 'feature_added', 'Feature added: "Supabase auth integration"', NULL, 'planned', '2026-03-18T22:06:23.971526+00:00'),
  ('8c866e6b-12af-4f08-aa51-08af10684926', 'a0000000-0000-0000-0000-000000000001', '2e12c240-2613-4648-8fc5-33d642a73d65', 'feature_added', 'Feature added: "QR code scanner"', NULL, 'planned', '2026-03-18T22:06:23.971526+00:00'),
  ('608a000a-3659-4887-9ea8-964af2589c3c', 'a0000000-0000-0000-0000-000000000001', 'f0cfb5d2-3b2e-466a-88d0-f394ccaba127', 'feature_added', 'Feature added: "Item detail view"', NULL, 'planned', '2026-03-18T22:06:23.971526+00:00'),
  ('0a839ae2-7d8e-45b4-96a1-b6bf4ca8e9fd', 'a0000000-0000-0000-0000-000000000001', '3c8c0dbb-42b4-4468-8ecf-07713077025d', 'feature_added', 'Feature added: "Claim/register item flow"', NULL, 'planned', '2026-03-18T22:06:23.971526+00:00'),
  ('2260e395-6514-4ccb-b141-8b7c5e2cec75', 'a0000000-0000-0000-0000-000000000001', 'e33e3996-30a6-410f-9ac3-c015f925c717', 'feature_added', 'Feature added: "Push notifications"', NULL, 'planned', '2026-03-18T22:06:23.971526+00:00'),
  ('65a7b34c-7b19-4f09-b1e3-ee1694722465', 'a0000000-0000-0000-0000-000000000001', '2be1404e-4d68-4658-82e4-ab7959856b0b', 'feature_added', 'Feature added: "App Store submission"', NULL, 'planned', '2026-03-18T22:06:23.971526+00:00'),
  ('93db0fce-f9bf-41e4-87ca-ae4c344f484a', 'a0000000-0000-0000-0000-000000000001', NULL, 'milestone_added', 'Milestone added: "Android App"', NULL, NULL, '2026-03-18T22:06:23.971526+00:00'),
  ('aa403f57-3439-45e5-8f2d-2ac3b4769f0b', 'a0000000-0000-0000-0000-000000000001', 'ff448707-04f3-4b0b-a396-819b722ebf4a', 'feature_added', 'Feature added: "Wireframes & design system"', NULL, 'planned', '2026-03-18T22:06:23.971526+00:00'),
  ('1c5d2bb1-e1fc-40d3-b51d-32fc83a51217', 'a0000000-0000-0000-0000-000000000001', '809b8fcf-1c57-4e28-b6ff-e10ebae9237d', 'feature_added', 'Feature added: "Supabase auth integration"', NULL, 'planned', '2026-03-18T22:06:23.971526+00:00'),
  ('4ada048b-eb08-483d-a2d5-0f2ad6344c99', 'a0000000-0000-0000-0000-000000000001', '7b7c06a9-431d-4c4e-8494-09e037f7a54b', 'feature_added', 'Feature added: "QR code scanner"', NULL, 'planned', '2026-03-18T22:06:23.971526+00:00'),
  ('8413cd25-034d-4b07-851b-d8c46c0eb1cd', 'a0000000-0000-0000-0000-000000000001', 'b1419c3c-662e-4148-9363-acf0d97b6aae', 'feature_added', 'Feature added: "Item detail view"', NULL, 'planned', '2026-03-18T22:06:23.971526+00:00'),
  ('8d7ffd9c-a4d4-4e0e-ba8a-25094cebb5f6', 'a0000000-0000-0000-0000-000000000001', '56e58f27-b5c2-46cf-b3b4-4a940c27209d', 'feature_added', 'Feature added: "Claim/register item flow"', NULL, 'planned', '2026-03-18T22:06:23.971526+00:00'),
  ('c9d0344d-2c67-4b65-891d-8c25e2aa1686', 'a0000000-0000-0000-0000-000000000001', '07da5da0-9ffe-4728-92fc-f1eccfbd3e44', 'feature_added', 'Feature added: "Push notifications"', NULL, 'planned', '2026-03-18T22:06:23.971526+00:00'),
  ('11016646-11f4-4d9e-9963-ff3b0d604de8', 'a0000000-0000-0000-0000-000000000001', 'e7810fce-c11e-4a75-ba25-31f2ea2582fb', 'feature_added', 'Feature added: "Play Store submission"', NULL, 'planned', '2026-03-18T22:06:23.971526+00:00'),
  ('478e045a-ec99-4dfa-a476-57521db5d43a', '13f53d2f-c9d9-44f9-b729-ac8de661d172', NULL, 'project_created', 'Project created: "Slack Tide"', NULL, NULL, '2026-03-19T18:11:34.28977+00:00'),
  ('db9dff8c-d70a-4a3e-a82b-116f62bb1e98', '13f53d2f-c9d9-44f9-b729-ac8de661d172', NULL, 'milestone_added', 'Milestone added: "M1 - Foundation"', NULL, NULL, '2026-03-19T18:12:25.047507+00:00'),
  ('152c00fc-0387-4123-b9cc-4ac67effa06c', '13f53d2f-c9d9-44f9-b729-ac8de661d172', NULL, 'milestone_added', 'Milestone added: "M2 - Project Tracking"', NULL, NULL, '2026-03-19T18:12:25.527402+00:00'),
  ('1c0aaf5e-1e62-4b9c-842e-667c1069a92a', '13f53d2f-c9d9-44f9-b729-ac8de661d172', '71955947-331b-4cea-9811-75942682bef9', 'feature_added', 'Feature added: "Vercel deployment"', NULL, 'done', '2026-03-19T18:12:41.483784+00:00'),
  ('5a46cded-2494-4221-8bcb-f7c2dc3e7711', '13f53d2f-c9d9-44f9-b729-ac8de661d172', 'e7cf1808-5dbe-4c0c-9173-da7684216ea3', 'feature_added', 'Feature added: "Auth"', NULL, 'done', '2026-03-19T18:12:41.798389+00:00'),
  ('3e16958d-39d7-4b9d-8e24-5c19ce1d2bb9', '13f53d2f-c9d9-44f9-b729-ac8de661d172', 'c404fd0a-d6aa-4e96-9886-ef588da5ff22', 'feature_added', 'Feature added: "Dashboard"', NULL, 'done', '2026-03-19T18:12:42.02723+00:00'),
  ('60ea0d2d-ece7-4a01-a947-293645cabcbe', '13f53d2f-c9d9-44f9-b729-ac8de661d172', 'a9a7d349-deeb-46ae-8358-6a3f1f27f5a8', 'feature_added', 'Feature added: "Burn-up chart"', NULL, 'done', '2026-03-19T18:12:42.415273+00:00'),
  ('981cae5e-cf59-40e7-9846-0ba5b26e0eaa', '13f53d2f-c9d9-44f9-b729-ac8de661d172', 'ad675432-cbcd-49db-8655-8f7822ccc0b0', 'feature_added', 'Feature added: "Git feed"', NULL, 'done', '2026-03-19T18:12:42.820935+00:00'),
  ('dfb265df-3113-44f1-9625-755533eba9cd', '13f53d2f-c9d9-44f9-b729-ac8de661d172', 'a461832b-d5d9-479e-a7f5-5eac7e1e245f', 'feature_added', 'Feature added: "Sync script"', NULL, 'done', '2026-03-19T18:12:43.029528+00:00'),
  ('c8f2ece3-7239-4cd9-87e1-da5a5b9124af', '13f53d2f-c9d9-44f9-b729-ac8de661d172', 'e6ccae9b-ef28-4473-9c8f-6ba3a0efbcba', 'feature_added', 'Feature added: "Sub-project support"', NULL, 'in_progress', '2026-03-19T18:12:43.36307+00:00'),
  ('5d9bdcf7-b538-4593-80d6-90317e6afe27', '13f53d2f-c9d9-44f9-b729-ac8de661d172', '3d5b2888-7c2e-4e2a-ac0c-1c6f01b063ef', 'feature_added', 'Feature added: "Git hook"', NULL, 'planned', '2026-03-19T18:13:22.804909+00:00'),
  ('d4d1e57f-9102-4a90-9e22-0034ef4cec7b', 'a0000000-0000-0000-0000-000000000001', NULL, 'milestone_added', 'Milestone added: "Foundation & Planning"', NULL, NULL, '2026-03-19T18:23:29.507991+00:00'),
  ('e3e726d8-f3e2-415b-9296-7297398b54ff', 'a0000000-0000-0000-0000-000000000001', NULL, 'milestone_added', 'Milestone added: "QR Code Generation"', NULL, NULL, '2026-03-19T18:23:29.81325+00:00'),
  ('9c1dfc28-0fc3-496d-ac5a-08fe582db05f', 'a0000000-0000-0000-0000-000000000001', NULL, 'milestone_added', 'Milestone added: "Phase 1 - Core Loop"', NULL, NULL, '2026-03-19T18:23:30.039536+00:00'),
  ('e768776d-b732-459c-8272-04bdf73f5d38', 'a0000000-0000-0000-0000-000000000001', NULL, 'milestone_added', 'Milestone added: "Phase 2 - Shop System"', NULL, NULL, '2026-03-19T18:23:30.336684+00:00'),
  ('c62a567b-f86c-4c4d-b659-f3fbd58900b1', 'a0000000-0000-0000-0000-000000000001', NULL, 'milestone_added', 'Milestone added: "Phase 2 - Maintenance & AI"', NULL, NULL, '2026-03-19T18:23:30.574834+00:00'),
  ('61fcf21d-9b09-4f77-bf11-881888459633', 'a0000000-0000-0000-0000-000000000001', NULL, 'milestone_added', 'Milestone added: "Phase 3 - Ownership & Marketplace"', NULL, NULL, '2026-03-19T18:23:30.85805+00:00'),
  ('21cd1611-9f5c-4a56-ab45-34cc9c7d7f4e', 'a0000000-0000-0000-0000-000000000001', NULL, 'milestone_added', 'Milestone added: "Phase 4 - Scale & Monetize"', NULL, NULL, '2026-03-19T18:23:31.068247+00:00'),
  ('bc67095f-15d3-4d4f-acde-38922004d4c7', 'a0000000-0000-0000-0000-000000000001', NULL, 'milestone_added', 'Milestone added: "Cybersecurity"', NULL, NULL, '2026-03-19T18:23:31.387747+00:00'),
  ('bfc75d69-76b6-44b4-8af0-f3c277e2dda4', 'a0000000-0000-0000-0000-000000000001', '06b1e56e-7ead-48ec-9a22-b1e9566b1410', 'feature_added', 'Feature added: "Product naming & branding"', NULL, 'done', '2026-03-19T18:25:54.256058+00:00'),
  ('f978f588-3a5c-4ceb-b9fd-e73962efe319', 'a0000000-0000-0000-0000-000000000001', '4f9a5f59-ebc5-41aa-9bc1-a8edae38ca4d', 'feature_added', 'Feature added: "Domain registration"', NULL, 'done', '2026-03-19T18:25:54.655533+00:00'),
  ('88cae88f-96fa-4dd3-8733-bd4399eb33a6', 'a0000000-0000-0000-0000-000000000001', '74290aae-3e6f-4044-90e6-d37fa38de623', 'feature_added', 'Feature added: "Technical specification"', NULL, 'done', '2026-03-19T18:25:55.0467+00:00'),
  ('7490e1fa-7ed1-438d-b048-2a8bf66ff072', 'a0000000-0000-0000-0000-000000000001', '9c243317-7658-4c64-ae87-0cd4f2b25ed4', 'feature_added', 'Feature added: "Infrastructure & cost analysis"', NULL, 'done', '2026-03-19T18:25:55.339303+00:00'),
  ('f5010cc2-b2fc-4e2a-85e3-67ac2cc08009', 'a0000000-0000-0000-0000-000000000001', '42ed618e-356f-45cd-b641-d2eb693d046a', 'feature_added', 'Feature added: "Plain-English project overview"', NULL, 'done', '2026-03-19T18:25:55.692523+00:00'),
  ('520ba92c-ce91-45a8-a3dc-6f727ec124a0', 'a0000000-0000-0000-0000-000000000001', 'fa7dfd0b-4873-40d4-8869-faf42c0ebc8d', 'feature_added', 'Feature added: "State-shaped QR engine"', NULL, 'done', '2026-03-19T18:25:56.08922+00:00'),
  ('08318ce1-1878-4484-8d3f-268469701df3', 'a0000000-0000-0000-0000-000000000001', '4371b780-013e-44bc-9683-02f9499a89d8', 'feature_added', 'Feature added: "Circular QR codes"', NULL, 'done', '2026-03-19T18:25:56.594373+00:00'),
  ('c9438fb6-63be-4420-8ed3-65f10f870399', 'a0000000-0000-0000-0000-000000000001', 'fb8ac9d2-0af7-4851-9e42-6d13b2b96758', 'feature_added', 'Feature added: "Sticker customizer"', NULL, 'done', '2026-03-19T18:25:56.854971+00:00'),
  ('4df4293a-5ad9-4eb9-bfc3-8b09acc89666', 'a0000000-0000-0000-0000-000000000001', 'e046d44a-066e-4ef5-976b-f6501985b63d', 'feature_added', 'Feature added: "Georgia sticker generation"', NULL, 'planned', '2026-03-19T18:25:57.248669+00:00'),
  ('6d900dde-0428-4527-a07a-500d68f2b30b', 'a0000000-0000-0000-0000-000000000001', '844e5983-7bf5-4f88-bffe-b478cd403891', 'feature_added', 'Feature added: "Python generation microservice"', NULL, 'planned', '2026-03-19T18:25:57.641775+00:00'),
  ('ed78b461-76ca-4a17-a2ca-62f979cc62c6', 'a0000000-0000-0000-0000-000000000001', 'd4e62240-6441-4524-81b9-7eff51f3d6e5', 'feature_added', 'Feature added: "Order flow in customizer"', NULL, 'planned', '2026-03-19T18:25:57.88606+00:00'),
  ('95f9f95e-cf6c-47dc-88cd-f614f68de1a7', 'a0000000-0000-0000-0000-000000000001', 'd66de23a-cb11-4306-abff-98aa306c8d8b', 'feature_added', 'Feature added: "Admin print queue UI"', NULL, 'planned', '2026-03-19T18:25:58.177018+00:00'),
  ('d54e7752-d3d9-443e-baec-fae3d8c03055', 'a0000000-0000-0000-0000-000000000001', 'd9568f73-2e4e-4c78-ad0c-df74ec73d31f', 'feature_added', 'Feature added: "State coverage expansion"', NULL, 'planned', '2026-03-19T18:25:58.385088+00:00'),
  ('e8ab398b-7b8e-437c-9369-6c4f4a73902d', 'a0000000-0000-0000-0000-000000000001', '31545d57-8053-48b6-8f09-501dd9433b21', 'feature_added', 'Feature added: "Infrastructure"', NULL, 'done', '2026-03-19T18:25:58.716108+00:00'),
  ('34a7fe1c-3673-413a-ac6c-59bf6337246f', 'a0000000-0000-0000-0000-000000000001', '9cef8180-1da8-45c8-aa35-5b9c6eee8b81', 'feature_added', 'Feature added: "Database schema"', NULL, 'done', '2026-03-19T18:25:58.950491+00:00'),
  ('cd58d570-d4d0-466a-9bb9-44a68a76179d', 'a0000000-0000-0000-0000-000000000001', 'f70e8e9e-b57a-478d-978f-7fa8bb0fa4bd', 'feature_added', 'Feature added: "Scan landing page"', NULL, 'done', '2026-03-19T18:25:59.37226+00:00'),
  ('028196c7-b8c8-4650-939d-42b843103bb3', 'a0000000-0000-0000-0000-000000000001', '0c1824af-b980-493a-8fc6-ae7e7ae08e70', 'feature_added', 'Feature added: "Claim flow"', NULL, 'done', '2026-03-19T18:25:59.768171+00:00'),
  ('d2a02c2e-1fa4-4dec-ab35-18aa6d4ccfd0', 'a0000000-0000-0000-0000-000000000001', '08b2ab46-eccb-4c9c-abff-e4ebe89470de', 'feature_added', 'Feature added: "Auth system"', NULL, 'done', '2026-03-19T18:26:00.012937+00:00'),
  ('3c68e155-81ed-48e2-b2bf-c19960d694ff', 'a0000000-0000-0000-0000-000000000001', 'cc36de64-1f2a-407e-adec-7e0733f88565', 'feature_added', 'Feature added: "Owner dashboard"', NULL, 'done', '2026-03-19T18:26:00.404935+00:00'),
  ('054a92bb-f606-4238-b804-fdb5eafae6a4', 'a0000000-0000-0000-0000-000000000001', 'c7266e52-4e07-43fa-bf0e-254ecb82c780', 'feature_added', 'Feature added: "Contact info"', NULL, 'done', '2026-03-19T18:26:00.628186+00:00'),
  ('01468196-eade-43aa-858b-fbbe80728910', 'a0000000-0000-0000-0000-000000000001', '4cb2bef4-efef-4903-b53b-9b6ef9dcf7e6', 'feature_added', 'Feature added: "Photo uploads"', NULL, 'done', '2026-03-19T18:26:00.922544+00:00'),
  ('ec26fbaf-4acf-4e4b-8cc3-bf6bd8e17b2a', 'a0000000-0000-0000-0000-000000000001', 'ecf338de-5036-4a01-b228-901f2bf06fb1', 'feature_added', 'Feature added: "Design system"', NULL, 'done', '2026-03-19T18:26:01.309631+00:00'),
  ('c760fc5a-0011-4896-b030-cfeb2a20f956', 'a0000000-0000-0000-0000-000000000001', '4c5c4193-5170-434c-981e-1b0147c03afb', 'feature_added', 'Feature added: "Shop database"', NULL, 'done', '2026-03-19T18:26:01.563197+00:00'),
  ('4b3b2a9f-38de-4f03-a510-baf195ab41e8', 'a0000000-0000-0000-0000-000000000001', '180adff0-3f90-48d7-8ea4-369beea71767', 'feature_added', 'Feature added: "Shop API routes"', NULL, 'done', '2026-03-19T18:26:01.972584+00:00'),
  ('65d1db2c-b450-4abb-b37b-4195f2956a8b', 'a0000000-0000-0000-0000-000000000001', '851edf57-9dd6-4dcc-82c3-fdb2b476f0cb', 'feature_added', 'Feature added: "Shop registration UI"', NULL, 'done', '2026-03-19T18:26:02.200987+00:00'),
  ('3c481dd8-68df-403c-a7b9-df8bfdafe96f', 'a0000000-0000-0000-0000-000000000001', '70e750bd-b8f7-4b12-b512-c6dc8769c9e4', 'feature_added', 'Feature added: "Shop dashboard"', NULL, 'done', '2026-03-19T18:26:02.476541+00:00'),
  ('8bfe7d2a-48cf-41fe-9d92-0f953b39f2d4', 'a0000000-0000-0000-0000-000000000001', '6278757f-3c93-4dcf-aaf7-bda1e3c7dc9f', 'feature_added', 'Feature added: "Service submission"', NULL, 'done', '2026-03-19T18:26:02.9019+00:00'),
  ('dfee0bfd-a51c-4b78-8ac9-ef094edd9723', 'a0000000-0000-0000-0000-000000000001', 'dc9487f5-a4b0-49c4-921d-084890b85581', 'feature_added', 'Feature added: "Service history"', NULL, 'done', '2026-03-19T18:26:03.136136+00:00'),
  ('237d1804-0e6a-47a7-8db6-20401fa3f1eb', 'a0000000-0000-0000-0000-000000000001', '9a7934e1-de69-4029-b0ea-fc74d4060ec7', 'feature_added', 'Feature added: "Owner dispute flow"', NULL, 'done', '2026-03-19T18:26:03.438259+00:00'),
  ('d3693e0f-dfa5-4412-b08f-914f7fb0e503', 'a0000000-0000-0000-0000-000000000001', 'c7eef76d-5991-480d-88ba-89aaf9d39bb8', 'feature_added', 'Feature added: "Shop verification"', NULL, 'done', '2026-03-19T18:26:03.680679+00:00'),
  ('4714983c-8663-4346-8f1c-24c8297ce7d3', 'a0000000-0000-0000-0000-000000000001', 'eb3d24f3-1f12-452e-9391-cfd0b9592efe', 'feature_added', 'Feature added: "Admin verification dashboard"', NULL, 'done', '2026-03-19T18:26:04.043635+00:00'),
  ('3ba9673a-c566-4805-af24-f418d04f8b72', 'a0000000-0000-0000-0000-000000000001', '65e14639-afd1-425d-aacf-e8bd31d05a69', 'feature_added', 'Feature added: "Employee management"', NULL, 'done', '2026-03-19T18:26:04.296604+00:00'),
  ('1cd89c25-d24f-4b2a-a341-992a90303ec5', 'a0000000-0000-0000-0000-000000000001', '32cf37ae-275f-4f51-8161-3788ee32665a', 'feature_added', 'Feature added: "Technician picker"', NULL, 'done', '2026-03-19T18:26:04.586601+00:00'),
  ('60c6c88a-cdd9-4eb3-88cc-832fd3ac4260', 'a0000000-0000-0000-0000-000000000001', '9eff238c-ce63-4ed0-9d64-9cf82fd4e244', 'feature_added', 'Feature added: "Account type separation"', NULL, 'done', '2026-03-19T18:26:04.977541+00:00'),
  ('3742be1c-0e3b-4c91-ad67-2a5d331dcdc2', 'a0000000-0000-0000-0000-000000000001', 'b689eb00-27c6-47cb-84e6-c21266f73964', 'feature_added', 'Feature added: "Shop mobile nav"', NULL, 'done', '2026-03-19T18:26:05.20346+00:00'),
  ('7b9bddb1-ec4f-4366-b6c5-ace6f2e281f0', 'a0000000-0000-0000-0000-000000000001', '05ead489-a97b-4931-a952-dd9ca29ea1a9', 'feature_added', 'Feature added: "Notification system"', NULL, 'done', '2026-03-19T18:26:05.540771+00:00'),
  ('4baf4f3d-a557-454b-98c7-4616593f7b34', 'a0000000-0000-0000-0000-000000000001', 'f273a390-ba3f-48e4-a2bb-ad619f0d7e8f', 'feature_added', 'Feature added: "Maintenance records"', NULL, 'done', '2026-03-19T18:26:05.782516+00:00'),
  ('0f58aabd-64ec-428d-9d38-a765c809034b', 'a0000000-0000-0000-0000-000000000001', '2e0b9a73-1a44-432f-8d10-3674d8cc4d69', 'feature_added', 'Feature added: "Shop-submitted records display"', NULL, 'done', '2026-03-19T18:26:06.173989+00:00'),
  ('1781cf4b-d8c4-4340-9c82-c0ce4901fb9c', 'a0000000-0000-0000-0000-000000000001', 'd9c32a07-3409-44c5-96c4-72ab3935b83f', 'feature_added', 'Feature added: "Twilio A2P campaign approval"', NULL, 'in_progress', '2026-03-19T18:26:06.578151+00:00'),
  ('c63624e0-6862-419d-8874-11bf728eb188', 'a0000000-0000-0000-0000-000000000001', '2a3fb247-9d04-45be-a7c9-88084b239089', 'feature_added', 'Feature added: "AI assistant"', NULL, 'planned', '2026-03-19T18:26:06.809626+00:00'),
  ('1d0c5930-1738-4c8b-b76e-3ab94ae2f95d', 'a0000000-0000-0000-0000-000000000001', '451aad0d-7bf0-40d9-b3ab-0bbd389e832f', 'feature_added', 'Feature added: "AI chat UI"', NULL, 'planned', '2026-03-19T18:26:07.209202+00:00'),
  ('0f39610d-fae9-4cab-bb12-51fdd1a9dbd9', 'a0000000-0000-0000-0000-000000000001', '3092b7cc-4ec1-44d2-b6c7-410278d5ca91', 'feature_added', 'Feature added: "Conversation history storage"', NULL, 'planned', '2026-03-19T18:26:07.451019+00:00'),
  ('64a63a36-3c86-4562-af16-c5de1a85f313', 'a0000000-0000-0000-0000-000000000001', '547774a3-0263-46c7-8ec0-ffebaf288185', 'feature_added', 'Feature added: "Ownership transfer"', NULL, 'planned', '2026-03-19T18:26:07.713493+00:00'),
  ('cce89ead-eaa5-4acf-959b-33b316dee949', 'a0000000-0000-0000-0000-000000000001', '8922af75-f1d4-4ccc-b84a-19ffcc0ec12e', 'feature_added', 'Feature added: "Ownership history"', NULL, 'planned', '2026-03-19T18:26:08.135505+00:00'),
  ('3fc5437b-f595-4439-a729-43eb9ae61679', 'a0000000-0000-0000-0000-000000000001', 'a65f0bce-3c2d-4f61-9238-aebb1159dc28', 'feature_added', 'Feature added: "Marketplace listing"', NULL, 'planned', '2026-03-19T18:26:08.368577+00:00'),
  ('420b738a-4ee5-4276-96d1-77c14f43a617', 'a0000000-0000-0000-0000-000000000001', 'acd788f7-1f53-4dfe-a760-1baeee657077', 'feature_added', 'Feature added: "Marketplace browse"', NULL, 'planned', '2026-03-19T18:26:08.679208+00:00'),
  ('c7005eff-18fe-4b0a-bb21-00824894e48b', 'a0000000-0000-0000-0000-000000000001', '4fea83cf-59f2-4eea-b236-575d82a10014', 'feature_added', 'Feature added: "Buyer inquiry system"', NULL, 'planned', '2026-03-19T18:26:08.940541+00:00'),
  ('57690fa2-77c2-4437-85f1-9edbf10148d5', 'a0000000-0000-0000-0000-000000000001', '7e8bc7b6-ac8d-495f-a0cc-75aa79521917', 'feature_added', 'Feature added: "E-commerce"', NULL, 'planned', '2026-03-19T18:26:09.316164+00:00'),
  ('a0cc69ed-dd66-4940-bdc0-a929e5d0764c', 'a0000000-0000-0000-0000-000000000001', '0ffb3ccf-ac9e-428b-8106-8b100dea7964', 'feature_added', 'Feature added: "Full state coverage"', NULL, 'planned', '2026-03-19T18:26:09.698574+00:00'),
  ('688ba998-530f-472c-9ae2-7fcff5da2d92', 'a0000000-0000-0000-0000-000000000001', 'd5493f63-82e1-40c6-a1a6-359040e70330', 'feature_added', 'Feature added: "Dealer portal"', NULL, 'planned', '2026-03-19T18:26:09.933429+00:00'),
  ('29c1bcb5-1d53-432c-b03c-ac901022cee4', 'a0000000-0000-0000-0000-000000000001', 'c876b44e-dd6e-4303-b970-143df0e22d8e', 'feature_added', 'Feature added: "Native iOS app"', NULL, 'planned', '2026-03-19T18:26:10.243698+00:00'),
  ('699546a4-4a9a-40e1-a3d4-95dc2cd14bb5', 'a0000000-0000-0000-0000-000000000001', '8ff705b3-6421-4d71-9e47-3c791516f725', 'feature_added', 'Feature added: "Native Android app"', NULL, 'planned', '2026-03-19T18:26:10.517082+00:00'),
  ('50642ff1-cac4-41e6-9b97-48819aee0083', 'a0000000-0000-0000-0000-000000000001', 'd91bd74d-39c4-4532-84bd-70bdc6a0d059', 'feature_added', 'Feature added: "Third-party API"', NULL, 'planned', '2026-03-19T18:26:10.905753+00:00'),
  ('6fa2ef42-afdd-4e79-836b-e9c7fd19b590', 'a0000000-0000-0000-0000-000000000001', '7a8d2a99-7a42-4653-b4dd-4be3007de4b6', 'feature_added', 'Feature added: "Subscription renewal system"', NULL, 'planned', '2026-03-19T18:26:11.298709+00:00'),
  ('feefa513-333a-41b4-ad55-9d026a428acd', 'a0000000-0000-0000-0000-000000000001', '0cba3db6-5f15-4bee-ab99-d44b3e4ef26a', 'feature_added', 'Feature added: "Replacement sticker ordering"', NULL, 'planned', '2026-03-19T18:26:11.582301+00:00'),
  ('b81851ba-55f8-4962-ba05-07e5e2e5807c', 'a0000000-0000-0000-0000-000000000001', 'ad37d3ae-d6e1-41a7-82b1-98e177667194', 'feature_added', 'Feature added: "RLS policy audit"', NULL, 'planned', '2026-03-19T18:26:11.929344+00:00'),
  ('e0ddba86-bbae-434e-861a-5c4ea3ec9833', 'a0000000-0000-0000-0000-000000000001', 'dbb46590-a998-4aa5-8173-32800bd456c2', 'feature_added', 'Feature added: "Auth flow review"', NULL, 'planned', '2026-03-19T18:26:12.474199+00:00'),
  ('1055d5fa-71f4-430a-9051-10d03f75bdc6', 'a0000000-0000-0000-0000-000000000001', '9a608587-de82-4a1e-8c79-be5d07ef48db', 'feature_added', 'Feature added: "Apple OAuth secret rotation"', NULL, 'planned', '2026-03-19T18:26:12.88453+00:00'),
  ('3e999107-9881-41f1-add5-cf26aff7b678', 'a0000000-0000-0000-0000-000000000001', '72a11fc1-9a37-4a30-98f0-954c0ae09961', 'feature_added', 'Feature added: "Rate limiting"', NULL, 'planned', '2026-03-19T18:26:13.150718+00:00'),
  ('59a39a04-23be-433a-919b-bb7c9dcfd50b', 'a0000000-0000-0000-0000-000000000001', '3572b126-d893-4000-8b8e-0876c20bb049', 'feature_added', 'Feature added: "CSRF protection"', NULL, 'planned', '2026-03-19T18:26:13.505487+00:00'),
  ('6c2ae747-9d8e-4e4b-af6e-fdd7c3783005', 'a0000000-0000-0000-0000-000000000001', '59e7cc82-65a1-4376-b40f-baa7ee94a789', 'feature_added', 'Feature added: "Content Security Policy headers"', NULL, 'planned', '2026-03-19T18:26:13.755604+00:00'),
  ('2990413b-1bcf-4cf6-941f-fbbec684a268', 'a0000000-0000-0000-0000-000000000001', 'e167f714-7083-46f6-aef0-031d11359713', 'feature_added', 'Feature added: "Maintenance endpoint auth gap"', NULL, 'planned', '2026-03-19T18:26:14.05779+00:00'),
  ('cd62ea89-5437-425a-931d-41146a3be618', 'a0000000-0000-0000-0000-000000000001', NULL, 'feature_added', '✅ Circular QR codes — *added March 2026* (originally state-shaped only; circular design chosen as production style)', NULL, NULL, '2026-03-19T18:26:14.431836+00:00'),
  ('a9e21655-e794-49ae-9af0-ae028c24c35e', 'a0000000-0000-0000-0000-000000000001', NULL, 'feature_added', '✅ Account type separation — *added March 2026* (personal vs business not in original spec; required for shop UX)', NULL, NULL, '2026-03-19T18:26:14.690639+00:00'),
  ('c72f6bdf-ea43-42ea-bbf3-7ae4471919fe', 'a0000000-0000-0000-0000-000000000001', NULL, 'feature_added', '✅ Technician picker — *added March 2026* (who worked on this; added per shop workflow requirements)', NULL, NULL, '2026-03-19T18:26:15.097751+00:00'),
  ('854b5291-aff3-4d36-9cd3-a374a0c1af0b', 'a0000000-0000-0000-0000-000000000001', NULL, 'feature_added', '🔧 Twilio A2P campaign — *added March 2026* (regulatory requirement for SMS; not anticipated at Phase 2 start)', NULL, NULL, '2026-03-19T18:26:15.466145+00:00')
ON CONFLICT (id) DO NOTHING;

